VEGETATION_TYPE,TOTAL_AREA,RISK_AREA_LT,RISK_AREA_UE,RISK_AREA_UN,%RISK_AREA_LT,%RISK_AREA_UE,%RISK_AREA_UN,%AREA_AQ_DATA
AGRICOLTURE,2320281.2520560035,1817536.985938403,301606.5720574206,473253.40143182885,78.33,13,20.4,99.86
HORTICOLTURE,139856.67693348764,131859.15430684073,72677.48686965377,86173.30630212039,94.28,51.97,61.62,99.71
VEGETATION,1162140.0066846192,583519.2446467205,127160.60976368592,178844.59973839138,50.21,10.94,15.39,98.06
ALL,3622277.9356741104,2532915.3848919645,501444.66869076027,738271.3074723405,69.93,13.84,20.38,99.27
